sample_id,target
ID1001187975__Dry_Green_g,0.0354445
ID1001187975__Dry_Dead_g,0.0
ID1001187975__Dry_Clover_g,0.0005
ID1001187975__GDM_g,2.3728385000000007
ID1001187975__Dry_Total_g,4.313450000000002
